support,time
1,476871.54485199996
2,2260.4618899999878
3,1.8008509999845046
4,1.5127220000294983
5,1.4575799999647643
6,1.3952040000049237
7,1.3326380000080462
8,1.3068220000604924
