support,time
2,3066.7697749999975
3,13.90516200000036
4,14.843256999995447
5,12.179021999997985
6,11.666769000001409
7,11.618627000004267
8,11.66150499999219
